<?xml version="1.0" encoding="UTF-8" standalone="yes"?><history><sql date="1671271523291" url="jdbc:derby://localhost:1527/RubricaTelefonica">SELECT * FROM ROOT.CONTATTOTELEFONICO FETCH FIRST 100 ROWS ONLY</sql><sql date="1680526273481" url="jdbc:derby://localhost:1527/comuni">SELECT * FROM ROOT.COMUNE FETCH FIRST 1000 ROWS ONLY</sql><sql date="1671270691519" url="jdbc:derby://localhost:1527/sample">SELECT * FROM APP.CUSTOMER FETCH FIRST 100 ROWS ONLY</sql><sql date="1682331984688" url="jdbc:derby://localhost:1527/libreria">SELECT * FROM PIPPO.LIBRO FETCH FIRST 1000 ROWS ONLY</sql><sql date="1671276116021" url="jdbc:derby://localhost:1527/RegistroContatti">SELECT * FROM ROOT.CONTATTO FETCH FIRST 100 ROWS ONLY</sql><sql date="1671375176013" url="jdbc:derby://localhost:1527/contacts">SELECT * FROM ROOT.CONTATTI FETCH FIRST 100 ROWS ONLY</sql><sql date="1671372140920" url="jdbc:derby://localhost:1527/registroAlunni">SELECT * FROM ROOT.STUDENT FETCH FIRST 100 ROWS ONLY</sql><sql date="1680285390470" url="jdbc:derby://localhost:1527/comuni">SELECT * FROM ROOT.COMUNE FETCH FIRST 100 ROWS ONLY</sql><sql date="1680419246266" url="jdbc:derby://localhost:1527/fresco">SELECT * FROM ROOT.FRESCO FETCH FIRST 1000 ROWS ONLY</sql><sql date="1671270152612" url="jdbc:derby://localhost:1527/sample">SELECT * FROM APP.MICRO_MARKET FETCH FIRST 100 ROWS ONLY</sql></history>